{"animations":[{"name":"rest_pose","fps":60,"frames":1,"loop":true,"keyframes":[{"properties":[{"instance_name":"left_foot","position":{"x":-17.835639208336975,"y":68.34340724010733},"anchor_point":{"x":0.5,"y":0.5},"scale":1,"rotation":0},{"instance_name":"left_lower_leg","position":{"x":-20.5356579969665,"y":59.62315436322215},"anchor_point":{"x":0.5,"y":0.5},"scale":1,"rotation":0},{"instance_name":"left_upper_leg","position":{"x":-20.5356579969665,"y":44.12315436322215},"anchor_point":{"x":0.5,"y":0.5},"scale":1,"rotation":0},{"instance_name":"head","position":{"x":0,"y":-45.17536997746481},"anchor_point":{"x":0.5,"y":0.5},"scale":1,"rotation":0},{"instance_name":"left_handg","position":{"x":-31.10297096881074,"y":29.60168876406383},"anchor_point":{"x":0.5,"y":0.5},"scale":1,"rotation":0},{"instance_name":"left_lower_armg","position":{"x":-31.288778651286027,"y":16.17523026598871},"anchor_point":{"x":0.5,"y":0.5},"scale":1,"rotation":0},{"instance_name":"left_upper_arm","position":{"x":-31.288778651286027,"y":-4.824769734011273},"anchor_point":{"x":0.5,"y":0.5},"scale":1,"rotation":0},{"instance_name":"lower_torso","position":{"x":0,"y":26.41842599675562},"anchor_point":{"x":0.5,"y":0.5},"scale":1,"rotation":0},{"instance_name":"right_foot","position":{"x":22.572713609079788,"y":68.2837326630673},"anchor_point":{"x":0.5,"y":0.5},"scale":1,"rotation":0},{"instance_name":"right_hand","position":{"x":31.341657556575896,"y":29.72645796420452},"anchor_point":{"x":0.5,"y":0.5},"scale":1,"rotation":0},{"instance_name":"right_lower_arm","position":{"x":31.419016243876165,"y":15.80009029051229},"anchor_point":{"x":0.5,"y":0.5},"scale":1,"rotation":0},{"instance_name":"right_lower_leg","position":{"x":20.649653985373032,"y":59.784336874394576},"anchor_point":{"x":0.5,"y":0.5},"scale":1,"rotation":0},{"instance_name":"right_upper_arm","position":{"x":31.573733618476655,"y":-5.225994236434786},"anchor_point":{"x":0.5,"y":0.5},"scale":1,"rotation":0},{"instance_name":"right_upper_leg","position":{"x":20.701098300815044,"y":44.21594709775533},"anchor_point":{"x":0.5,"y":0.5},"scale":1,"rotation":0},{"instance_name":"torso","position":{"x":0,"y":0},"anchor_point":{"x":0.5,"y":0.5},"scale":1,"rotation":0}],"frame":0}]},{"name":"walking","fps":6,"frames":50,"loop":false,"keyframes":[{"properties":[{"instance_name":"left_handg","position":{"x":-52.22921146440322,"y":12.207712077650097},"anchor_point":{"x":0.5,"y":0},"scale":1,"rotation":0.48425222590842754},{"instance_name":"left_lower_armg","position":{"x":-43.88550327441428,"y":-0.6951390331702657},"anchor_point":{"x":0.5,"y":0},"scale":1,"rotation":0.6029067699158758},{"instance_name":"left_upper_arm","position":{"x":-23.334821438908413,"y":-13.123243210653257},"anchor_point":{"x":0.5,"y":0},"scale":1,"rotation":1.01302723529755},{"instance_name":"right_upper_arm","position":{"x":23.8959370838947,"y":-12.33506510178846},"anchor_point":{"x":0.5,"y":0},"scale":1,"rotation":-0.8988058716880019},{"instance_name":"right_lower_arm","position":{"x":42.224803959213695,"y":3.2881255674898227},"anchor_point":{"x":0.5,"y":0},"scale":1,"rotation":-1.305462539046008},{"instance_name":"right_hand","position":{"x":56.93431267184907,"y":6.693068360458626},"anchor_point":{"x":0.5,"y":0},"scale":1,"rotation":-1.413683403159951},{"instance_name":"right_upper_leg","position":{"x":14.045326211432661,"y":29.378334900057155},"anchor_point":{"x":0.4764016003260478,"y":-0.020474043589831584},"scale":1,"rotation":-0.8654573323362513},{"instance_name":"right_lower_leg","position":{"x":31.019829627388617,"y":43.4007507654121},"anchor_point":{"x":0.4587140566495565,"y":0.01697656416103076},"scale":1,"rotation":0.5674447524626097},{"instance_name":"right_foot","position":{"x":27.083712893253892,"y":52.503020713098564},"anchor_point":{"x":0.33604923147218413,"y":-0.12105907528020055},"scale":1,"rotation":0.5624644593263792},{"instance_name":"left_foot","position":{"x":-37.12419133231852,"y":49.05891857073077},"anchor_point":{"x":0.32462104376297174,"y":-0.25400848606191434},"scale":1,"rotation":1.682750077695621},{"instance_name":"left_lower_leg","position":{"x":-27.28389949698176,"y":49.550933162497564},"anchor_point":{"x":0.46799529026851355,"y":-0.035463379155135435},"scale":1,"rotation":1.6382188924177865},{"instance_name":"left_upper_leg","position":{"x":-18.2050096271478,"y":30.961753084498426},"anchor_point":{"x":0.4386774225133527,"y":0.02964517334042931},"scale":1,"rotation":0.45872327112283934}],"frame":0},{"properties":[{"instance_name":"right_hand","position":{"x":53.57026258442985,"y":10.021336348693868},"anchor_point":{"x":0.5,"y":0},"scale":1,"rotation":-1.329204761527288},{"instance_name":"right_lower_arm","position":{"x":39.396240026938266,"y":4.675685736769361},"anchor_point":{"x":0.5,"y":0},"scale":1,"rotation":-1.224742443477188},{"instance_name":"right_upper_arm","position":{"x":22.68941969865709,"y":-12.395390971050341},"anchor_point":{"x":0.5,"y":0},"scale":1,"rotation":-0.821348213209582}],"frame":1},{"properties":[{"instance_name":"right_lower_arm","position":{"x":34.730281005127665,"y":7.252572306780386},"anchor_point":{"x":0.5,"y":0},"scale":1,"rotation":-1.0633022523395481},{"instance_name":"right_hand","position":{"x":47.83333125233166,"y":14.992885292505912},"anchor_point":{"x":0.5,"y":0},"scale":1,"rotation":-1.1602474782619616},{"instance_name":"right_upper_arm","position":{"x":20.276384928181873,"y":-12.516042709574103},"anchor_point":{"x":0.5,"y":0},"scale":1,"rotation":-0.6664328962527423}],"frame":3},{"properties":[{"instance_name":"right_hand","position":{"x":40.11406223475297,"y":20.360901773414056},"anchor_point":{"x":0.5,"y":0},"scale":1,"rotation":-0.9912901949966355},{"instance_name":"right_lower_arm","position":{"x":28.081984297836563,"y":10.225926413887514},"anchor_point":{"x":0.5,"y":0},"scale":1,"rotation":-0.9018620612019084},{"instance_name":"right_upper_arm","position":{"x":17.863350157706655,"y":-12.636694448097865},"anchor_point":{"x":0.5,"y":0},"scale":1,"rotation":-0.5115175792959026}],"frame":5},{"properties":[{"instance_name":"left_handg","position":{"x":-38.84788214477983,"y":22.385567296817616},"anchor_point":{"x":0.5,"y":0},"scale":1,"rotation":-0.11394833056977638},{"instance_name":"left_lower_armg","position":{"x":-38.172884634477306,"y":5.574872478410123},"anchor_point":{"x":0.5,"y":0},"scale":1,"rotation":-0.02434718066188235},{"instance_name":"left_upper_arm","position":{"x":-20.85510234730763,"y":-11.878064889651428},"anchor_point":{"x":0.5,"y":0},"scale":1,"rotation":0.808657135298479}],"frame":7},{"properties":[{"instance_name":"left_handg","position":{"x":-27.753037017271268,"y":23.189314839425087},"anchor_point":{"x":0.5,"y":0},"scale":1,"rotation":-0.3083882573162863},{"instance_name":"left_lower_armg","position":{"x":-31.763311170781133,"y":8.095119974666462},"anchor_point":{"x":0.5,"y":0},"scale":1,"rotation":-0.22633224406340624},{"instance_name":"left_upper_arm","position":{"x":-18.942792299987076,"y":-11.85416101405992},"anchor_point":{"x":0.5,"y":0},"scale":1,"rotation":0.53018685779686}],"frame":10},{"properties":[{"instance_name":"left_handg","position":{"x":-10.17316094411055,"y":18.29980847044258},"anchor_point":{"x":0.5,"y":0},"scale":1,"rotation":-1.0846842638966878},{"instance_name":"left_lower_armg","position":{"x":-24.298034995002048,"y":10.6153674709228},"anchor_point":{"x":0.5,"y":0},"scale":1,"rotation":-1.090841140969938},{"instance_name":"left_upper_arm","position":{"x":-17.030482252666523,"y":-11.830257138468413},"anchor_point":{"x":0.5,"y":0},"scale":1,"rotation":0.2517165802952411}],"frame":13},{"properties":[{"instance_name":"right_hand","position":{"x":-26.029501187604033,"y":13.39590140505551},"anchor_point":{"x":0.5,"y":0},"scale":1,"rotation":0.4448467127586371},{"instance_name":"left_handg","position":{"x":15.49415373257659,"y":14.325969367628264},"anchor_point":{"x":0.5,"y":0},"scale":1,"rotation":-1.2316119842607987},{"instance_name":"left_lower_armg","position":{"x":1.5509183153274113,"y":8.577870218971682},"anchor_point":{"x":0.5,"y":0},"scale":1,"rotation":-1.1999034560457535},{"instance_name":"left_upper_arm","position":{"x":-11.293552110704871,"y":-11.758545511693892},"anchor_point":{"x":0.5,"y":0},"scale":1,"rotation":-0.5836942522096158}],"frame":22},{"properties":[{"instance_name":"left_handg","position":{"x":24.327858474290778,"y":9.11029177389826},"anchor_point":{"x":0.5,"y":0},"scale":1,"rotation":-1.2805878910488357},{"instance_name":"left_upper_arm","position":{"x":-9.38124206338432,"y":-11.734641636102387},"anchor_point":{"x":0.5,"y":0},"scale":1,"rotation":-0.8621645297112348},{"instance_name":"left_lower_armg","position":{"x":9.33343653698182,"y":3.729706726044274},"anchor_point":{"x":0.5,"y":0},"scale":1,"rotation":-1.2362575610710256},{"instance_name":"right_hand","position":{"x":-37.70189473272585,"y":10.6519535307695},"anchor_point":{"x":0.5,"y":0},"scale":1,"rotation":0.6982826376566265},{"instance_name":"right_lower_arm","position":{"x":-27.904019057722245,"y":-1.2363146271512089},"anchor_point":{"x":0.5,"y":0},"scale":1,"rotation":0.7125398501744897},{"instance_name":"right_upper_arm","position":{"x":-6.266997547045528,"y":-13.843211833335479},"anchor_point":{"x":0.5,"y":0},"scale":1,"rotation":1.037635590272494},{"instance_name":"right_foot","position":{"x":3.713019784329079,"y":59.63723229371775},"anchor_point":{"x":0.33604923147218413,"y":-0.12105907528020055},"scale":1,"rotation":0.36896182384972986},{"instance_name":"right_upper_leg","position":{"x":0.268917641961191,"y":31.100385971241092},"anchor_point":{"x":0.4764016003260478,"y":-0.020474043589831584},"scale":1,"rotation":-0.24359306510196865},{"instance_name":"right_lower_leg","position":{"x":6.9111146308135405,"y":50.534962346031236},"anchor_point":{"x":0.4587140566495565,"y":0.01697656416103076},"scale":1,"rotation":0.5674447524626097},{"instance_name":"left_foot","position":{"x":-6.619286642774563,"y":50.28895505014788},"anchor_point":{"x":0.32462104376297174,"y":-0.25400848606191434},"scale":1,"rotation":1.104374132236723},{"instance_name":"left_lower_leg","position":{"x":1.0069395296114418,"y":45.614816428362865},"anchor_point":{"x":0.46799529026851355,"y":-0.035463379155135435},"scale":1,"rotation":1.0869512199541056},{"instance_name":"left_upper_leg","position":{"x":-11.562812638295481,"y":28.50168012566423},"anchor_point":{"x":0.4386774225133527,"y":0.02964517334042931},"scale":1,"rotation":-0.588799298943576}],"frame":25},{"properties":[{"instance_name":"left_handg","position":{"x":8.12713324780222,"y":23.10978619246454},"anchor_point":{"x":0.5,"y":0},"scale":1,"rotation":-0.7796556693755289},{"instance_name":"left_upper_arm","position":{"x":-12.591370324937634,"y":-12.435033256804928},"anchor_point":{"x":0.5,"y":0},"scale":1,"rotation":-0.3664699695363837},{"instance_name":"left_lower_armg","position":{"x":-3.607132455046095,"y":10.775312910492469},"anchor_point":{"x":0.5,"y":0},"scale":1,"rotation":-0.7253152633741169}],"frame":32},{"properties":[{"instance_name":"left_handg","position":{"x":-15.323015830534734,"y":26.95313888887261},"anchor_point":{"x":0.5,"y":0},"scale":1,"rotation":-0.278723447702222},{"instance_name":"left_lower_armg","position":{"x":-18.539555923939698,"y":12.030644452889224},"anchor_point":{"x":0.5,"y":0},"scale":1,"rotation":-0.21437296567720832},{"instance_name":"left_upper_arm","position":{"x":-15.801498586490947,"y":-13.13542487750747},"anchor_point":{"x":0.5,"y":0},"scale":1,"rotation":0.1292245906384673},{"instance_name":"right_foot","position":{"x":-30.235987047582757,"y":50.28895505014787},"anchor_point":{"x":0.33604923147218413,"y":-0.12105907528020055},"scale":1,"rotation":0.8450660921139594},{"instance_name":"right_lower_leg","position":{"x":-23.101775466963606,"y":43.646758061295564},"anchor_point":{"x":0.4587140566495565,"y":0.01697656416103076},"scale":1,"rotation":0.8397039653430967},{"instance_name":"right_upper_leg","position":{"x":-8.341337713958477,"y":29.624342195940574},"anchor_point":{"x":0.4764016003260478,"y":-0.020474043589831584},"scale":1,"rotation":0.7856592916947431},{"instance_name":"left_upper_leg","position":{"x":10.577843991212237,"y":31.453767676265265},"anchor_point":{"x":0.4386774225133527,"y":0.02964517334042931},"scale":1,"rotation":-0.9948922188772664},{"instance_name":"left_lower_leg","position":{"x":27.3297201891373,"y":41.924706990111616},"anchor_point":{"x":0.46799529026851355,"y":-0.035463379155135435},"scale":1,"rotation":0.30420088796794253},{"instance_name":"left_foot","position":{"x":24.13162534265283,"y":51.026976937798146},"anchor_point":{"x":0.32462104376297174,"y":-0.25400848606191434},"scale":1,"rotation":0.325179147433028}],"frame":39},{"properties":[{"instance_name":"right_hand","position":{"x":36.456237106898065,"y":22.842102929187547},"anchor_point":{"x":0.5,"y":0},"scale":1,"rotation":-0.8482669216466796},{"instance_name":"right_lower_arm","position":{"x":26.167881659610917,"y":11.220650626772576},"anchor_point":{"x":0.5,"y":0},"scale":1,"rotation":-0.7169495232759702},{"instance_name":"right_upper_arm","position":{"x":16.07049235607483,"y":-12.575836519683257},"anchor_point":{"x":0.5,"y":0},"scale":1,"rotation":-0.4179683970389363}],"frame":44},{"properties":[{"instance_name":"left_handg","position":{"x":-48.42115212844347,"y":13.696189290402987},"anchor_point":{"x":0.5,"y":0},"scale":1,"rotation":0.508455757784403},{"instance_name":"left_lower_armg","position":{"x":-39.86073682188717,"y":0.6029584193364954},"anchor_point":{"x":0.5,"y":0},"scale":1,"rotation":0.5885363592750765},{"instance_name":"left_upper_arm","position":{"x":-20.845985854646152,"y":-14.236040281468608},"anchor_point":{"x":0.5,"y":0},"scale":1,"rotation":0.9081731851989474},{"instance_name":"right_lower_arm","position":{"x":42.96894256098737,"y":4.183382437808937},"anchor_point":{"x":0.5,"y":0},"scale":1,"rotation":-1.1683672201550628},{"instance_name":"right_upper_arm","position":{"x":23.124436536007575,"y":-12.175612736424661},"anchor_point":{"x":0.5,"y":0},"scale":1,"rotation":-0.8776328140846512},{"instance_name":"right_hand","position":{"x":56.309004355621326,"y":10.235053756541797},"anchor_point":{"x":0.5,"y":0},"scale":1,"rotation":-1.3366509930056183}],"frame":50}]}],"instances":[{"name":"head","type":"Image","z_index":0},{"name":"left_foot","type":"Image","z_index":6},{"name":"left_handg","type":"Image","z_index":6},{"name":"left_lower_armg","type":"Image","z_index":6},{"name":"left_lower_leg","type":"Image","z_index":6},{"name":"left_upper_arm","type":"Image","z_index":6},{"name":"left_upper_leg","type":"Image","z_index":6},{"name":"lower_torso","type":"Image","z_index":0},{"name":"right_foot","type":"Image","z_index":0},{"name":"right_hand","type":"Image","z_index":-6},{"name":"right_lower_arm","type":"Image","z_index":-6},{"name":"right_lower_leg","type":"Image","z_index":0},{"name":"right_upper_arm","type":"Image","z_index":-6},{"name":"right_upper_leg","type":"Image","z_index":0},{"name":"torso","type":"Image","z_index":0}]}